Number,Description,References,Phase,Votes,Comments
1,gzexe in the gzip package on Red Hat Linux 5.0 and earlier allows local users to overwrite files of other users via a symlink attack on a temporary file.,BUGTRAQ:19980128 GZEXE - the big problem   |   URL:http://marc.info/?l=bugtraq&m=88603844115233&w=2   |   CONFIRM:http://www.redhat.com/support/errata/rh50-errata-general.html#gzip   |   DEBIAN:DSA-308   |   URL:http://www.debian.org/security/2003/dsa-308   |   BID:7845   |   URL:http://www.securityfocus.com/bid/7845   |   OSVDB:3812   |   URL:http://www.osvdb.org/3812   |   XF:gzip-gzexe-tmp-symlink(7241)   |   URL:http://www.iss.net/security_center/static/7241.php,,,
2,"Buffer overflows in gzip 1.3x, 1.2.4, and other versions might allow attackers to execute code via a long file name, possibly remotely if gzip is run on an FTP server.","VULN-DEV:20011118 New bugs discovered!   |   VULN-DEV:20011120 New bugs, old bugs   |   VULN-DEV:20011119 Killing Thread (New bugs discovered!)   |   BUGTRAQ:20011230 gzip bug w/ patch..   |   URL:http://online.securityfocus.com/archive/1/247717   |   MANDRAKE:MDKSA-2002:011   |   DEBIAN:DSA-100   |   SGI:20020401-01-P   |   NETBSD:NetBSD-SA2002-002   |   URL:ftp://ftp.netbsd.org/pub/NetBSD/security/advisories/NetBSD-SA2002-002.txt.asc   |   BID:3712   |   URL:http://www.securityfocus.com/bid/3712   |   XF:gzip-long-filename-bo(7882)   |   URL:http://www.iss.net/security_center/static/7882.php",Modified (20020817-01),"   ACCEPT(3) Cole, Green, Wall  |     MODIFY(1) Frech  |     NOOP(3) Christey, Cox, Foat", Christey> NETBSD:NetBSD-SA2002-002  |     URL:ftp://ftp.netbsd.org/pub/NetBSD/security/advisories/NetBSD-SA2002-002.txt.asc  |   Frech> XF:gzip-long-filename-bo(7882)
3,"Maped in LuxMan 0.41 uses the user-provided search path to find and execute the gzip program, which allows local users to modify /dev/mem and gain privileges via a modified PATH environment variable that points to a Trojan horse gzip program.",MISC:http://www.idefense.com/advisory/11.06.02.txt   |   BUGTRAQ:20021106 iDEFENSE Security Advisory 11.06.02: Non-Explicit Path Vulnerability in LuxMan   |   URL:http://marc.info/?l=bugtraq&m=103660334009855&w=2   |   VULNWATCH:20021106 iDEFENSE Security Advisory 11.06.02: Non-Explicit Path Vulnerability in LuxMan   |   URL:http://archives.neohapsis.com/archives/vulnwatch/2002-q4/0062.html   |   DEBIAN:DSA-189   |   URL:http://www.debian.org/security/2002/dsa-189   |   XF:luxman-maped-read-memory(10549)   |   URL:http://www.iss.net/security_center/static/10549.php   |   BID:6113   |   URL:http://www.securityfocus.com/bid/6113,,,
4,"gv 3.5.8, and possibly earlier versions, allows remote attackers to execute arbitrary commands via shell metacharacters in the filename for (1) a PDF file or (2) a gzip file.",BUGTRAQ:20021001 ASA-0000: GV Execution of Arbitrary Shell Commands   |   URL:http://marc.info/?l=bugtraq&m=103348446009076&w=2   |   MISC:http://www.epita.fr/~bevand_m/asa/asa-0000   |   BUGTRAQ:20021003 GLSA: gv   |   URL:http://archives.neohapsis.com/archives/bugtraq/2002-10/0033.html   |   XF:gv-system-execute-commands(10231)   |   URL:https://exchange.xforce.ibmcloud.com/vulnerabilities/10231   |   BID:5840   |   URL:http://www.securityfocus.com/bid/5840,Assigned (20031022),None (candidate not yet proposed),
5,InterScan VirusWall 3.52 for Windows allows remote attackers to bypass virus protection and possibly execute arbitrary code via HTTP 1.1 gzip content encoding.,BUGTRAQ:20020912 Bypassing TrendMicro InterScan VirusWall   |   URL:http://www.securityfocus.com/archive/1/291538   |   BID:5701   |   URL:http://www.securityfocus.com/bid/5701   |   XF:interscan-gzip-content-bypass(10107)   |   URL:http://www.iss.net/security_center/static/10107.php,Assigned (20071101),None (candidate not yet proposed),
6,znew in the gzip package allows local users to overwrite arbitrary files via a symlink attack on temporary files.,DEBIAN:DSA-308   |   URL:http://www.debian.org/security/2003/dsa-308   |   MANDRAKE:MDKSA-2003:068   |   URL:http://www.mandriva.com/security/advisories?name=MDKSA-2003:068   |   CONFIRM:http://www.openpkg.org/security/OpenPKG-SA-2003.031-gzip.html   |   TURBO:TLSA-2003-38   |   URL:http://www.turbolinux.com/security/TLSA-2003-38.txt   |   BID:7872   |   URL:http://www.securityfocus.com/bid/7872,Assigned (20030601),None (candidate not yet proposed),
7,"Stack-based buffer overflow in mod_gzip_printf for mod_gzip 1.3.26.1a and earlier, and possibly later official versions, when running in debug mode, allows remote attackers to execute arbitrary code via a long filename in a GET request with an ""Accept-Encoding: gzip"" header.",BUGTRAQ:20030601 Mod_gzip Debug Mode Vulnerabilities   |   URL:http://marc.info/?l=bugtraq&m=105457180009860&w=2,Assigned (20031008),None (candidate not yet proposed),
8,"Format string vulnerability in mod_gzip_printf for mod_gzip 1.3.26.1a and earlier, and possibly later official versions, when running in debug mode and using the Apache log, allows remote attackers to execute arbitrary code via format string characters in an HTTP GET request with an ""Accept-Encoding: gzip"" header.",BUGTRAQ:20030601 Mod_gzip Debug Mode Vulnerabilities   |   URL:http://marc.info/?l=bugtraq&m=105457180009860&w=2,Assigned (20031008),None (candidate not yet proposed),
9,"gzexe in gzip 1.3.3 and earlier will execute an argument when the creation of a temp file fails instead of exiting the program, which could allow remote attackers or local users to execute arbitrary commands, a different vulnerability than CVE-1999-1332.",GENTOO:GLSA-200406-18   |   URL:http://security.gentoo.org/glsa/glsa-200406-18.xml   |   CONFIRM:http://bugs.gentoo.org/show_bug.cgi?id=54890   |   BID:10603   |   URL:http://www.securityfocus.com/bid/10603   |   XF:gzip-gzexe-tmpfile(16506)   |   URL:https://exchange.xforce.ibmcloud.com/vulnerabilities/16506,Assigned (20040629),None (candidate not yet proposed),
10,romload.c in DGen Emulator 1.23 and earlier allows local users to overwrite arbitrary files via a symlink attack on temporary files during decompression of (1) gzip or (2) bzip ROM files.,CONFIRM:http://bugs.debian.org/cgi-bin/bugreport.cgi?bug=263282&archive=yes   |   SECUNIA:12214   |   URL:http://secunia.com/advisories/12214   |   BID:10855   |   URL:http://www.securityfocus.com/bid/10855   |   XF:dgen-rom-decompression-symlink(16884)   |   URL:https://exchange.xforce.ibmcloud.com/vulnerabilities/16884,Assigned (20040803),None (candidate not yet proposed),
11,"The (1) gzexe, (2) zdiff, and (3) znew scripts in the gzip package, as used by other packages such as ncompress, allows local users to overwrite files via a symlink attack on temporary files.  NOTE: the znew vulnerability may overlap CVE-2003-0367.",VULNWATCH:20050916 ncompress insecure temporary file creation   |   MISC:http://www.zataz.net/adviso/ncompress-09052005.txt   |   DEBIAN:DSA-588   |   URL:http://www.debian.org/security/2004/dsa-588   |   TRUSTIX:2004-0050   |   URL:http://www.trustix.org/errata/2004/0050   |   BID:11288   |   URL:http://www.securityfocus.com/bid/11288   |   SECUNIA:13131   |   URL:http://secunia.com/advisories/13131   |   XF:script-temporary-file-overwrite(17583)   |   URL:https://exchange.xforce.ibmcloud.com/vulnerabilities/17583,Assigned (20041019),None (candidate not yet proposed),
12,"gzip before 1.3 in Solaris 8, when called with the -f or -force flags, will change the permissions of files that are hard linked to the target files, which allows local users to view or modify these files.",SUNALERT:57600   |   URL:http://sunsolve.sun.com/search/document.do?assetkey=1-26-57600-1&searchclause=security   |   CERT-VN:VU#635998   |   URL:http://www.kb.cert.org/vuls/id/635998   |   OVAL:oval:org.mitre.oval:def:1654   |   URL:http://oval.mitre.org/repository/data/getDef?id=oval:org.mitre.oval:def:1654   |   SECUNIA:12744   |   URL:http://secunia.com/advisories/12744   |   XF:solaris-gzip-modify-privileges(17577)   |   URL:https://exchange.xforce.ibmcloud.com/vulnerabilities/17577   |   BID:11318   |   URL:http://www.securityfocus.com/bid/11318,Assigned (20050106),None (candidate not yet proposed),
13,"Multiple directory traversal vulnerabilities in sitenfo.sh, sitezipchk.sh, and siteziplist.sh in Glftpd 1.26 to 2.00 allow remote authenticated users to (1) determine the existence of arbitrary files, (2) list files in restricted directories, or (3) read arbitrary files from within ZIP or gzip files, via .. (dot dot) sequences and globbing (""*"") characters in a SITE NFO command.",BUGTRAQ:20050218 Multiple vulnerabilities in Glftpd v1.26 - v2.00 default zip based plug-ins   |   URL:http://www.securityfocus.com/archive/1/390924   |   BID:12586   |   URL:http://www.securityfocus.com/bid/12586   |   XF:glftpd-sitenfosh-directory-traversal(19401)   |   URL:https://exchange.xforce.ibmcloud.com/vulnerabilities/19401,Assigned (20050219),None (candidate not yet proposed),
14,"zgrep in gzip before 1.3.5 does not properly sanitize arguments, which allows local users to execute arbitrary commands via filenames that are injected into a sed script.",CONFIRM:http://docs.info.apple.com/article.html?artnum=306172   |   APPLE:APPLE-SA-2007-07-31   |   URL:http://lists.apple.com/archives/security-announce//2007/Jul/msg00004.html   |   FEDORA:FLSA:158801   |   URL:http://www.fedoralegacy.org/updates/FC2/2005-11-14-FLSA_2005_158801__Updated_bzip2_packages_fix_security_issues.html   |   GENTOO:GLSA-200505-05   |   URL:http://www.gentoo.org/security/en/glsa/glsa-200505-05.xml   |   MISC:http://bugs.gentoo.org/show_bug.cgi?id=90626   |   MANDRIVA:MDKSA-2006:026   |   URL:http://www.mandriva.com/security/advisories?name=MDKSA-2006:026   |   MANDRIVA:MDKSA-2006:027   |   URL:http://www.mandriva.com/security/advisories?name=MDKSA-2006:027   |   OPENPKG:OpenPKG-SA-2007.002   |   URL:http://www.openpkg.com/security/advisories/OpenPKG-SA-2007.002.html   |   REDHAT:RHSA-2005:357   |   URL:http://rhn.redhat.com/errata/RHSA-2005-357.html   |   REDHAT:RHSA-2005:474   |   URL:http://www.redhat.com/support/errata/RHSA-2005-474.html   |   SCO:SCOSA-2005.58   |   URL:ftp://ftp.sco.com/pub/updates/UnixWare/SCOSA-2005.58/SCOSA-2005.58.txt   |   SGI:20060301-01-U   |   URL:ftp://patches.sgi.com/support/free/security/advisories/20060301-01.U.asc   |   SLACKWARE:SSA:2006-262   |   URL:http://slackware.com/security/viewer.php?l=slackware-security&y=2006&m=slackware-security.555852   |   UBUNTU:USN-158-1   |   URL:http://www.ubuntu.com/usn/usn-158-1   |   BID:13582   |   URL:http://www.securityfocus.com/bid/13582   |   BID:25159   |   URL:http://www.securityfocus.com/bid/25159   |   OVAL:oval:org.mitre.oval:def:9797   |   URL:http://oval.mitre.org/repository/data/getDef?id=oval:org.mitre.oval:def:9797   |   VUPEN:ADV-2007-2732   |   URL:http://www.vupen.com/english/advisories/2007/2732   |   OSVDB:16371   |   URL:http://www.osvdb.org/16371   |   OVAL:oval:org.mitre.oval:def:1081   |   URL:http://oval.mitre.org/repository/data/getDef?id=oval:org.mitre.oval:def:1081   |   OVAL:oval:org.mitre.oval:def:1107   |   URL:http://oval.mitre.org/repository/data/getDef?id=oval:org.mitre.oval:def:1107   |   SECTRACK:1013928   |   URL:http://securitytracker.com/id?1013928   |   SECUNIA:18100   |   URL:http://secunia.com/advisories/18100   |   SECUNIA:19183   |   URL:http://secunia.com/advisories/19183   |   SECUNIA:22033   |   URL:http://secunia.com/advisories/22033   |   SECUNIA:26235   |   URL:http://secunia.com/advisories/26235   |   XF:gzip-zgrep-file-installation(20539)   |   URL:https://exchange.xforce.ibmcloud.com/vulnerabilities/20539,Assigned (20050317),None (candidate not yet proposed),
15,"Race condition in gzip 1.2.4, 1.3.3, and earlier, when decompressing a gzipped file, allows local users to modify permissions of arbitrary files via a hard link attack on a file while it is being decompressed, whose permissions are changed by gzip after the decompression is complete.",BUGTRAQ:20050404 gzip TOCTOU file-permissions vulnerability   |   URL:http://www.securityfocus.com/archive/1/394965   |   APPLE:APPLE-SA-2006-08-01   |   URL:http://lists.apple.com/archives/security-announce/2006//Aug/msg00000.html   |   DEBIAN:DSA-752   |   URL:http://www.debian.org/security/2005/dsa-752   |   REDHAT:RHSA-2005:357   |   URL:http://rhn.redhat.com/errata/RHSA-2005-357.html   |   SCO:SCOSA-2005.58   |   URL:ftp://ftp.sco.com/pub/updates/UnixWare/SCOSA-2005.58/SCOSA-2005.58.txt   |   SLACKWARE:SSA:2006-262   |   URL:http://slackware.com/security/viewer.php?l=slackware-security&y=2006&m=slackware-security.555852   |   SUNALERT:101816   |   URL:http://sunsolve.sun.com/search/document.do?assetkey=1-26-101816-1   |   CERT:TA06-214A   |   URL:http://www.us-cert.gov/cas/techalerts/TA06-214A.html   |   BID:12996   |   URL:http://www.securityfocus.com/bid/12996   |   BID:19289   |   URL:http://www.securityfocus.com/bid/19289   |   OVAL:oval:org.mitre.oval:def:10242   |   URL:http://oval.mitre.org/repository/data/getDef?id=oval:org.mitre.oval:def:10242   |   VUPEN:ADV-2006-3101   |   URL:http://www.vupen.com/english/advisories/2006/3101   |   OSVDB:15487   |   URL:http://www.osvdb.org/15487   |   OVAL:oval:org.mitre.oval:def:1169   |   URL:http://oval.mitre.org/repository/data/getDef?id=oval:org.mitre.oval:def:1169   |   OVAL:oval:org.mitre.oval:def:765   |   URL:http://oval.mitre.org/repository/data/getDef?id=oval:org.mitre.oval:def:765   |   SECUNIA:18100   |   URL:http://secunia.com/advisories/18100   |   SECUNIA:21253   |   URL:http://secunia.com/advisories/21253   |   SECUNIA:22033   |   URL:http://secunia.com/advisories/22033,Assigned (20050406),None (candidate not yet proposed),
16,Directory traversal vulnerability in gunzip -N in gzip 1.2.4 through 1.3.5 allows remote attackers to write to arbitrary directories via a .. (dot dot) in the original filename within a compressed file.,BUGTRAQ:20050420 gzip directory traversal vulnerability   |   URL:http://marc.info/?l=bugtraq&m=111402732406477&w=2   |   CONFIRM:http://bugs.debian.org/cgi-bin/bugreport.cgi?bug=305255   |   APPLE:APPLE-SA-2006-08-01   |   URL:http://lists.apple.com/archives/security-announce/2006//Aug/msg00000.html   |   DEBIAN:DSA-752   |   URL:http://www.debian.org/security/2005/dsa-752   |   REDHAT:RHSA-2005:357   |   URL:http://rhn.redhat.com/errata/RHSA-2005-357.html   |   SCO:SCOSA-2005.58   |   URL:ftp://ftp.sco.com/pub/updates/UnixWare/SCOSA-2005.58/SCOSA-2005.58.txt   |   SLACKWARE:SSA:2006-262   |   URL:http://slackware.com/security/viewer.php?l=slackware-security&y=2006&m=slackware-security.555852   |   SUNALERT:101816   |   URL:http://sunsolve.sun.com/search/document.do?assetkey=1-26-101816-1   |   CERT:TA06-214A   |   URL:http://www.us-cert.gov/cas/techalerts/TA06-214A.html   |   BID:19289   |   URL:http://www.securityfocus.com/bid/19289   |   OVAL:oval:org.mitre.oval:def:11057   |   URL:http://oval.mitre.org/repository/data/getDef?id=oval:org.mitre.oval:def:11057   |   VUPEN:ADV-2006-3101   |   URL:http://www.vupen.com/english/advisories/2006/3101   |   OSVDB:15721   |   URL:http://www.osvdb.org/15721   |   OVAL:oval:org.mitre.oval:def:382   |   URL:http://oval.mitre.org/repository/data/getDef?id=oval:org.mitre.oval:def:382   |   OVAL:oval:org.mitre.oval:def:170   |   URL:http://oval.mitre.org/repository/data/getDef?id=oval:org.mitre.oval:def:170   |   SECUNIA:15047   |   URL:http://secunia.com/advisories/15047   |   SECUNIA:18100   |   URL:http://secunia.com/advisories/18100   |   SECUNIA:21253   |   URL:http://secunia.com/advisories/21253   |   SECUNIA:22033   |   URL:http://secunia.com/advisories/22033   |   XF:gzip-n-directory-traversal(20199)   |   URL:https://exchange.xforce.ibmcloud.com/vulnerabilities/20199,Assigned (20050422),None (candidate not yet proposed),
17,"inflate.c in the zlib routines in the Linux kernel before 2.6.12.5 allows remote attackers to cause a denial of service (kernel crash) via a compressed file with ""improper tables"".","MLIST:[bug-gnu-utils] 19990625 Re: bug in gzip: segfault when doing ""gzip -t"" on a broken file   |   URL:http://sources.redhat.com/ml/bug-gnu-utils/1999-06/msg00183.html   |   CONFIRM:http://kernel.org/pub/linux/kernel/v2.6/ChangeLog-2.6.12.5   |   DEBIAN:DSA-922   |   URL:http://www.debian.org/security/2005/dsa-922   |   DEBIAN:DSA-921   |   URL:http://www.debian.org/security/2005/dsa-921   |   FEDORA:FLSA:157459-1   |   URL:http://www.securityfocus.com/archive/1/archive/1/428028/100/0/threaded   |   FEDORA:FLSA:157459-2   |   URL:http://www.securityfocus.com/archive/1/archive/1/428058/100/0/threaded   |   FEDORA:FLSA:157459-3   |   URL:http://www.securityfocus.com/archive/1/archive/1/427980/100/0/threaded   |   MANDRAKE:MDKSA-2005:219   |   URL:http://www.mandriva.com/security/advisories?name=MDKSA-2005:219   |   MANDRAKE:MDKSA-2005:220   |   URL:http://www.mandriva.com/security/advisories?name=MDKSA-2005:220   |   REDHAT:RHSA-2006:0101   |   URL:http://www.redhat.com/support/errata/RHSA-2006-0101.html   |   REDHAT:RHSA-2006:0144   |   URL:http://www.redhat.com/support/errata/RHSA-2006-0144.html   |   REDHAT:RHSA-2006:0190   |   URL:http://www.redhat.com/support/errata/RHSA-2006-0190.html   |   REDHAT:RHSA-2006:0191   |   URL:http://www.redhat.com/support/errata/RHSA-2006-0191.html   |   SUSE:SUSE-SA:2005:050   |   URL:http://www.novell.com/linux/security/advisories/2005_50_kernel.html   |   SUSE:SUSE-SA:2005:068   |   URL:http://www.securityfocus.com/archive/1/archive/1/419522/100/0/threaded   |   UBUNTU:USN-169-1   |   URL:http://www.ubuntulinux.org/support/documentation/usn/usn-169-1   |   BID:14719   |   URL:http://www.securityfocus.com/bid/14719   |   OVAL:oval:org.mitre.oval:def:10785   |   URL:http://oval.mitre.org/repository/data/getDef?id=oval:org.mitre.oval:def:10785   |   SECUNIA:16355   |   URL:http://secunia.com/advisories/16355/   |   SECUNIA:16500   |   URL:http://secunia.com/advisories/16500   |   SECUNIA:17918   |   URL:http://secunia.com/advisories/17918   |   SECUNIA:18056   |   URL:http://secunia.com/advisories/18056   |   SECUNIA:18059   |   URL:http://secunia.com/advisories/18059   |   SECUNIA:18510   |   URL:http://secunia.com/advisories/18510   |   SECUNIA:18684   |   URL:http://secunia.com/advisories/18684   |   SECUNIA:19252   |   URL:http://secunia.com/advisories/19252   |   SECUNIA:17826   |   URL:http://secunia.com/advisories/17826",Assigned (20050805),None (candidate not yet proposed),
18,"Multiple cross-site scripting (XSS) vulnerabilities in Horde before 3.0.7 allow remote attackers to inject arbitrary web script or HTML via the (1) gzip/tar and (2) css MIME viewers, which do not filter or escape dangerous HTML when extracting and displaying attachments.",MLIST:[horde-announce] 20051122 Horde 3.0.7 (final)   |   URL:http://lists.horde.org/archives/announce/2005/000232.html   |   BUGTRAQ:20051122 Horde MIME Viewer vulnerability   |   URL:http://www.securityfocus.com/archive/1/archive/1/417436/30/0/threaded   |   DEBIAN:DSA-909   |   URL:http://www.debian.org/security/2005/dsa-909   |   GENTOO:GLSA-200511-20   |   URL:http://www.gentoo.org/security/en/glsa/glsa-200511-20.xml   |   BID:15535   |   URL:http://www.securityfocus.com/bid/15535   |   VUPEN:ADV-2005-2536   |   URL:http://www.vupen.com/english/advisories/2005/2536   |   SECUNIA:17703   |   URL:http://secunia.com/advisories/17703   |   SECUNIA:17599   |   URL:http://secunia.com/advisories/17599,Assigned (20051122),None (candidate not yet proposed),
19,"Heap-based buffer overflow in URLMON.DLL in Microsoft Internet Explorer 6 SP1 on Windows 2000 and XP SP1, with versions the MS06-042 patch before 20060912, allows remote attackers to cause a denial of service (crash) or execute arbitrary code via a long URL in a GZIP-encoded website that was the target of an HTTP redirect, due to an incomplete fix for CVE-2006-3869.",BUGTRAQ:20060912 [EEYEB-20080824] Internet Explorer Compressed Content URL Heap Overflow Vulnerability #2   |   URL:http://www.securityfocus.com/archive/1/archive/1/445835/100/0/threaded   |   MISC:http://weblog.infoworld.com/techwatch/archives/007870.html   |   MISC:http://research.eeye.com/html/advisories/published/AD20060912.html   |   MS:MS06-042   |   URL:http://www.microsoft.com/technet/security/Bulletin/MS06-042.mspx   |   BID:19987   |   URL:http://www.securityfocus.com/bid/19987   |   OSVDB:30834   |   URL:http://www.osvdb.org/30834   |   SECTRACK:1016839   |   URL:http://securitytracker.com/id?1016839   |   SREASON:1555   |   URL:http://securityreason.com/securityalert/1555   |   XF:ie-url-compression-bo(28893)   |   URL:https://exchange.xforce.ibmcloud.com/vulnerabilities/28893,Assigned (20060726),None (candidate not yet proposed),
20,"Unspecified vulnerability in gzip 1.3.5 allows context-dependent attackers to cause a denial of service (crash) via a crafted GZIP (gz) archive, which results in a NULL dereference.",BUGTRAQ:20060919 rPSA-2006-0170-1 gzip   |   URL:http://www.securityfocus.com/archive/1/archive/1/446426/100/0/threaded   |   BUGTRAQ:20070330 VMSA-2007-0002 VMware ESX security updates   |   URL:http://www.securityfocus.com/archive/1/archive/1/464268/100/0/threaded   |   MISC:http://bugzilla.redhat.com/bugzilla/show_bug.cgi?id=204676   |   CONFIRM:http://support.avaya.com/elmodocs2/security/ASA-2006-218.htm   |   CONFIRM:http://docs.info.apple.com/article.html?artnum=304829   |   CONFIRM:https://issues.rpath.com/browse/RPL-615   |   CONFIRM:http://www.vmware.com/support/esx25/doc/esx-254-200702-patch.html   |   APPLE:APPLE-SA-2006-11-28   |   URL:http://lists.apple.com/archives/security-announce/2006/Nov/msg00001.html   |   DEBIAN:DSA-1181   |   URL:http://www.us.debian.org/security/2006/dsa-1181   |   FEDORA:FLSA:211760   |   URL:http://www.securityfocus.com/archive/1/archive/1/451324/100/0/threaded   |   FREEBSD:FreeBSD-SA-06:21   |   URL:http://security.freebsd.org/advisories/FreeBSD-SA-06:21.gzip.asc   |   GENTOO:GLSA-200609-13   |   URL:http://security.gentoo.org/glsa/glsa-200609-13.xml   |   HP:HPSBTU02168   |   URL:http://www.securityfocus.com/archive/1/archive/1/450078/100/0/threaded   |   HP:SSRT061237   |   URL:http://www.securityfocus.com/archive/1/archive/1/450078/100/0/threaded   |   HP:HPSBUX02195   |   URL:http://www.securityfocus.com/archive/1/archive/1/462007/100/0/threaded   |   MANDRIVA:MDKSA-2006:167   |   URL:http://www.mandriva.com/security/advisories?name=MDKSA-2006:167   |   OPENPKG:OpenPKG-SA-2006.020   |   URL:http://www.openpkg.org/security/advisories/OpenPKG-SA-2006.020-gzip.html   |   REDHAT:RHSA-2006:0667   |   URL:http://www.redhat.com/support/errata/RHSA-2006-0667.html   |   SGI:20061001-01-P   |   URL:ftp://patches.sgi.com/support/free/security/advisories/20061001-01-P.asc   |   SLACKWARE:SSA:2006-262   |   URL:http://slackware.com/security/viewer.php?l=slackware-security&y=2006&m=slackware-security.555852   |   SUNALERT:102766   |   URL:http://sunsolve.sun.com/search/document.do?assetkey=1-26-102766-1   |   SUSE:SUSE-SA:2006:056   |   URL:http://www.novell.com/linux/security/advisories/2006_56_gzip.html   |   TRUSTIX:2006-0052   |   URL:http://www.trustix.org/errata/2006/0052/   |   UBUNTU:USN-349-1   |   URL:http://www.ubuntu.com/usn/usn-349-1   |   CERT:TA06-333A   |   URL:http://www.us-cert.gov/cas/techalerts/TA06-333A.html   |   CERT-VN:VU#933712   |   URL:http://www.kb.cert.org/vuls/id/933712   |   BID:20101   |   URL:http://www.securityfocus.com/bid/20101   |   OVAL:oval:org.mitre.oval:def:10527   |   URL:http://oval.mitre.org/repository/data/getDef?id=oval:org.mitre.oval:def:10527   |   VUPEN:ADV-2006-4275   |   URL:http://www.vupen.com/english/advisories/2006/4275   |   VUPEN:ADV-2006-4750   |   URL:http://www.vupen.com/english/advisories/2006/4750   |   VUPEN:ADV-2007-0092   |   URL:http://www.vupen.com/english/advisories/2007/0092   |   VUPEN:ADV-2007-0832   |   URL:http://www.vupen.com/english/advisories/2007/0832   |   VUPEN:ADV-2007-1171   |   URL:http://www.vupen.com/english/advisories/2007/1171   |   SECTRACK:1016883   |   URL:http://securitytracker.com/id?1016883   |   SECUNIA:22002   |   URL:http://secunia.com/advisories/22002   |   SECUNIA:22009   |   URL:http://secunia.com/advisories/22009   |   SECUNIA:22017   |   URL:http://secunia.com/advisories/22017   |   SECUNIA:22033   |   URL:http://secunia.com/advisories/22033   |   SECUNIA:22034   |   URL:http://secunia.com/advisories/22034   |   SECUNIA:22012   |   URL:http://secunia.com/advisories/22012   |   SECUNIA:22043   |   URL:http://secunia.com/advisories/22043   |   SECUNIA:22085   |   URL:http://secunia.com/advisories/22085   |   SECUNIA:22101   |   URL:http://secunia.com/advisories/22101   |   SECUNIA:22027   |   URL:http://secunia.com/advisories/22027   |   SECUNIA:22435   |   URL:http://secunia.com/advisories/22435   |   SECUNIA:22661   |   URL:http://secunia.com/advisories/22661   |   SECUNIA:22487   |   URL:http://secunia.com/advisories/22487   |   SECUNIA:23155   |   URL:http://secunia.com/advisories/23155   |   SECUNIA:21996   |   URL:http://secunia.com/advisories/21996   |   SECUNIA:23679   |   URL:http://secunia.com/advisories/23679   |   SECUNIA:24435   |   URL:http://secunia.com/advisories/24435   |   SECUNIA:24636   |   URL:http://secunia.com/advisories/24636   |   XF:gzip-huftbuild-code-execution(29038)   |   URL:https://exchange.xforce.ibmcloud.com/vulnerabilities/29038,Assigned (20060824),None (candidate not yet proposed),
21,"Array index error in the make_table function in unlzh.c in the LZH decompression component in gzip 1.3.5, when running on certain platforms, allows context-dependent attackers to cause a denial of service (crash) and possibly execute arbitrary code via a crafted GZIP archive that triggers an out-of-bounds write, aka a ""stack modification vulnerability.""",BUGTRAQ:20060919 rPSA-2006-0170-1 gzip   |   URL:http://www.securityfocus.com/archive/1/archive/1/446426/100/0/threaded   |   BUGTRAQ:20070330 VMSA-2007-0002 VMware ESX security updates   |   URL:http://www.securityfocus.com/archive/1/archive/1/464268/100/0/threaded   |   MISC:http://bugzilla.redhat.com/bugzilla/show_bug.cgi?id=204676   |   CONFIRM:http://support.avaya.com/elmodocs2/security/ASA-2006-218.htm   |   CONFIRM:http://docs.info.apple.com/article.html?artnum=304829   |   CONFIRM:https://issues.rpath.com/browse/RPL-615   |   CONFIRM:http://www.vmware.com/support/esx25/doc/esx-254-200702-patch.html   |   APPLE:APPLE-SA-2006-11-28   |   URL:http://lists.apple.com/archives/security-announce/2006/Nov/msg00001.html   |   DEBIAN:DSA-1181   |   URL:http://www.us.debian.org/security/2006/dsa-1181   |   FEDORA:FLSA:211760   |   URL:http://www.securityfocus.com/archive/1/archive/1/451324/100/0/threaded   |   FREEBSD:FreeBSD-SA-06:21   |   URL:http://security.freebsd.org/advisories/FreeBSD-SA-06:21.gzip.asc   |   GENTOO:GLSA-200609-13   |   URL:http://security.gentoo.org/glsa/glsa-200609-13.xml   |   GENTOO:GLSA-200611-24   |   URL:http://www.gentoo.org/security/en/glsa/glsa-200611-24.xml   |   HP:HPSBTU02168   |   URL:http://www.securityfocus.com/archive/1/archive/1/450078/100/0/threaded   |   HP:SSRT061237   |   URL:http://www.securityfocus.com/archive/1/archive/1/450078/100/0/threaded   |   HP:HPSBUX02195   |   URL:http://www.securityfocus.com/archive/1/archive/1/462007/100/0/threaded   |   MANDRIVA:MDKSA-2006:167   |   URL:http://www.mandriva.com/security/advisories?name=MDKSA-2006:167   |   OPENPKG:OpenPKG-SA-2006.020   |   URL:http://www.openpkg.org/security/advisories/OpenPKG-SA-2006.020-gzip.html   |   REDHAT:RHSA-2006:0667   |   URL:http://www.redhat.com/support/errata/RHSA-2006-0667.html   |   SGI:20061001-01-P   |   URL:ftp://patches.sgi.com/support/free/security/advisories/20061001-01-P.asc   |   SLACKWARE:SSA:2006-262   |   URL:http://slackware.com/security/viewer.php?l=slackware-security&y=2006&m=slackware-security.555852   |   SUNALERT:102766   |   URL:http://sunsolve.sun.com/search/document.do?assetkey=1-26-102766-1   |   SUSE:SUSE-SA:2006:056   |   URL:http://www.novell.com/linux/security/advisories/2006_56_gzip.html   |   TRUSTIX:2006-0052   |   URL:http://www.trustix.org/errata/2006/0052/   |   UBUNTU:USN-349-1   |   URL:http://www.ubuntu.com/usn/usn-349-1   |   CERT:TA06-333A   |   URL:http://www.us-cert.gov/cas/techalerts/TA06-333A.html   |   CERT-VN:VN#381508   |   URL:http://www.kb.cert.org/vuls/id/381508   |   BID:20101   |   URL:http://www.securityfocus.com/bid/20101   |   OVAL:oval:org.mitre.oval:def:10391   |   URL:http://oval.mitre.org/repository/data/getDef?id=oval:org.mitre.oval:def:10391   |   VUPEN:ADV-2006-3695   |   URL:http://www.vupen.com/english/advisories/2006/3695   |   VUPEN:ADV-2006-4275   |   URL:http://www.vupen.com/english/advisories/2006/4275   |   VUPEN:ADV-2006-4750   |   URL:http://www.vupen.com/english/advisories/2006/4750   |   VUPEN:ADV-2006-4760   |   URL:http://www.vupen.com/english/advisories/2006/4760   |   VUPEN:ADV-2007-0092   |   URL:http://www.vupen.com/english/advisories/2007/0092   |   VUPEN:ADV-2007-0832   |   URL:http://www.vupen.com/english/advisories/2007/0832   |   VUPEN:ADV-2007-1171   |   URL:http://www.vupen.com/english/advisories/2007/1171   |   SECTRACK:1016883   |   URL:http://securitytracker.com/id?1016883   |   SECUNIA:22002   |   URL:http://secunia.com/advisories/22002   |   SECUNIA:22009   |   URL:http://secunia.com/advisories/22009   |   SECUNIA:22017   |   URL:http://secunia.com/advisories/22017   |   SECUNIA:22033   |   URL:http://secunia.com/advisories/22033   |   SECUNIA:22034   |   URL:http://secunia.com/advisories/22034   |   SECUNIA:22012   |   URL:http://secunia.com/advisories/22012   |   SECUNIA:22043   |   URL:http://secunia.com/advisories/22043   |   SECUNIA:22085   |   URL:http://secunia.com/advisories/22085   |   SECUNIA:22101   |   URL:http://secunia.com/advisories/22101   |   SECUNIA:22027   |   URL:http://secunia.com/advisories/22027   |   SECUNIA:22435   |   URL:http://secunia.com/advisories/22435   |   SECUNIA:22661   |   URL:http://secunia.com/advisories/22661   |   SECUNIA:22487   |   URL:http://secunia.com/advisories/22487   |   SECUNIA:23153   |   URL:http://secunia.com/advisories/23153   |   SECUNIA:23155   |   URL:http://secunia.com/advisories/23155   |   SECUNIA:23156   |   URL:http://secunia.com/advisories/23156   |   SECUNIA:21996   |   URL:http://secunia.com/advisories/21996   |   SECUNIA:23679   |   URL:http://secunia.com/advisories/23679   |   SECUNIA:24435   |   URL:http://secunia.com/advisories/24435   |   SECUNIA:24636   |   URL:http://secunia.com/advisories/24636   |   XF:gzip-lzh-array-code-execution(29040)   |   URL:https://exchange.xforce.ibmcloud.com/vulnerabilities/29040,Assigned (20060824),None (candidate not yet proposed),
22,Buffer underflow in the build_tree function in unpack.c in gzip 1.3.5 allows context-dependent attackers to execute arbitrary code via a crafted leaf count table that causes a write to a negative index.,BUGTRAQ:20060919 rPSA-2006-0170-1 gzip   |   URL:http://www.securityfocus.com/archive/1/archive/1/446426/100/0/threaded   |   BUGTRAQ:20070330 VMSA-2007-0002 VMware ESX security updates   |   URL:http://www.securityfocus.com/archive/1/archive/1/464268/100/0/threaded   |   MISC:http://bugzilla.redhat.com/bugzilla/show_bug.cgi?id=204676   |   CONFIRM:http://support.avaya.com/elmodocs2/security/ASA-2006-218.htm   |   CONFIRM:http://docs.info.apple.com/article.html?artnum=304829   |   CONFIRM:https://issues.rpath.com/browse/RPL-615   |   CONFIRM:http://www.vmware.com/support/esx25/doc/esx-254-200702-patch.html   |   APPLE:APPLE-SA-2006-11-28   |   URL:http://lists.apple.com/archives/security-announce/2006/Nov/msg00001.html   |   DEBIAN:DSA-1181   |   URL:http://www.us.debian.org/security/2006/dsa-1181   |   FEDORA:FLSA:211760   |   URL:http://www.securityfocus.com/archive/1/archive/1/451324/100/0/threaded   |   FREEBSD:FreeBSD-SA-06:21   |   URL:http://security.freebsd.org/advisories/FreeBSD-SA-06:21.gzip.asc   |   GENTOO:GLSA-200609-13   |   URL:http://security.gentoo.org/glsa/glsa-200609-13.xml   |   GENTOO:GLSA-200611-24   |   URL:http://www.gentoo.org/security/en/glsa/glsa-200611-24.xml   |   HP:HPSBTU02168   |   URL:http://www.securityfocus.com/archive/1/archive/1/450078/100/0/threaded   |   HP:SSRT061237   |   URL:http://www.securityfocus.com/archive/1/archive/1/450078/100/0/threaded   |   HP:HPSBUX02195   |   URL:http://www.securityfocus.com/archive/1/archive/1/462007/100/0/threaded   |   MANDRIVA:MDKSA-2006:167   |   URL:http://www.mandriva.com/security/advisories?name=MDKSA-2006:167   |   OPENPKG:OpenPKG-SA-2006.020   |   URL:http://www.openpkg.org/security/advisories/OpenPKG-SA-2006.020-gzip.html   |   REDHAT:RHSA-2006:0667   |   URL:http://www.redhat.com/support/errata/RHSA-2006-0667.html   |   SGI:20061001-01-P   |   URL:ftp://patches.sgi.com/support/free/security/advisories/20061001-01-P.asc   |   SLACKWARE:SSA:2006-262   |   URL:http://slackware.com/security/viewer.php?l=slackware-security&y=2006&m=slackware-security.555852   |   SUNALERT:102766   |   URL:http://sunsolve.sun.com/search/document.do?assetkey=1-26-102766-1   |   SUSE:SUSE-SA:2006:056   |   URL:http://www.novell.com/linux/security/advisories/2006_56_gzip.html   |   TRUSTIX:2006-0052   |   URL:http://www.trustix.org/errata/2006/0052/   |   UBUNTU:USN-349-1   |   URL:http://www.ubuntu.com/usn/usn-349-1   |   CERT:TA06-333A   |   URL:http://www.us-cert.gov/cas/techalerts/TA06-333A.html   |   CERT-VN:VN#554780   |   URL:http://www.kb.cert.org/vuls/id/554780   |   BID:20101   |   URL:http://www.securityfocus.com/bid/20101   |   OVAL:oval:org.mitre.oval:def:10140   |   URL:http://oval.mitre.org/repository/data/getDef?id=oval:org.mitre.oval:def:10140   |   VUPEN:ADV-2006-3695   |   URL:http://www.vupen.com/english/advisories/2006/3695   |   VUPEN:ADV-2006-4275   |   URL:http://www.vupen.com/english/advisories/2006/4275   |   VUPEN:ADV-2006-4750   |   URL:http://www.vupen.com/english/advisories/2006/4750   |   VUPEN:ADV-2006-4760   |   URL:http://www.vupen.com/english/advisories/2006/4760   |   VUPEN:ADV-2007-0092   |   URL:http://www.vupen.com/english/advisories/2007/0092   |   VUPEN:ADV-2007-0832   |   URL:http://www.vupen.com/english/advisories/2007/0832   |   VUPEN:ADV-2007-1171   |   URL:http://www.vupen.com/english/advisories/2007/1171   |   SECTRACK:1016883   |   URL:http://securitytracker.com/id?1016883   |   SECUNIA:22002   |   URL:http://secunia.com/advisories/22002   |   SECUNIA:22009   |   URL:http://secunia.com/advisories/22009   |   SECUNIA:22017   |   URL:http://secunia.com/advisories/22017   |   SECUNIA:22033   |   URL:http://secunia.com/advisories/22033   |   SECUNIA:22034   |   URL:http://secunia.com/advisories/22034   |   SECUNIA:22012   |   URL:http://secunia.com/advisories/22012   |   SECUNIA:22043   |   URL:http://secunia.com/advisories/22043   |   SECUNIA:22085   |   URL:http://secunia.com/advisories/22085   |   SECUNIA:22101   |   URL:http://secunia.com/advisories/22101   |   SECUNIA:22027   |   URL:http://secunia.com/advisories/22027   |   SECUNIA:22435   |   URL:http://secunia.com/advisories/22435   |   SECUNIA:22661   |   URL:http://secunia.com/advisories/22661   |   SECUNIA:22487   |   URL:http://secunia.com/advisories/22487   |   SECUNIA:23153   |   URL:http://secunia.com/advisories/23153   |   SECUNIA:23155   |   URL:http://secunia.com/advisories/23155   |   SECUNIA:23156   |   URL:http://secunia.com/advisories/23156   |   SECUNIA:21996   |   URL:http://secunia.com/advisories/21996   |   SECUNIA:23679   |   URL:http://secunia.com/advisories/23679   |   SECUNIA:24435   |   URL:http://secunia.com/advisories/24435   |   SECUNIA:24636   |   URL:http://secunia.com/advisories/24636   |   XF:gzip-unpack-buffer-underflow(29042)   |   URL:https://exchange.xforce.ibmcloud.com/vulnerabilities/29042,Assigned (20060824),None (candidate not yet proposed),
23,Buffer overflow in the make_table function in the LHZ component in gzip 1.3.5 allows context-dependent attackers to execute arbitrary code via a crafted decoding table in a GZIP archive.,BUGTRAQ:20060919 rPSA-2006-0170-1 gzip   |   URL:http://www.securityfocus.com/archive/1/archive/1/446426/100/0/threaded   |   BUGTRAQ:20070330 VMSA-2007-0002 VMware ESX security updates   |   URL:http://www.securityfocus.com/archive/1/archive/1/464268/100/0/threaded   |   MISC:http://bugzilla.redhat.com/bugzilla/show_bug.cgi?id=204676   |   CONFIRM:http://support.avaya.com/elmodocs2/security/ASA-2006-218.htm   |   CONFIRM:http://docs.info.apple.com/article.html?artnum=304829   |   CONFIRM:https://issues.rpath.com/browse/RPL-615   |   CONFIRM:http://www.vmware.com/support/esx25/doc/esx-254-200702-patch.html   |   APPLE:APPLE-SA-2006-11-28   |   URL:http://lists.apple.com/archives/security-announce/2006/Nov/msg00001.html   |   DEBIAN:DSA-1181   |   URL:http://www.us.debian.org/security/2006/dsa-1181   |   FEDORA:FLSA:211760   |   URL:http://www.securityfocus.com/archive/1/archive/1/451324/100/0/threaded   |   FREEBSD:FreeBSD-SA-06:21   |   URL:http://security.freebsd.org/advisories/FreeBSD-SA-06:21.gzip.asc   |   GENTOO:GLSA-200609-13   |   URL:http://security.gentoo.org/glsa/glsa-200609-13.xml   |   GENTOO:GLSA-200611-24   |   URL:http://www.gentoo.org/security/en/glsa/glsa-200611-24.xml   |   HP:HPSBTU02168   |   URL:http://www.securityfocus.com/archive/1/archive/1/450078/100/0/threaded   |   HP:SSRT061237   |   URL:http://www.securityfocus.com/archive/1/archive/1/450078/100/0/threaded   |   HP:HPSBUX02195   |   URL:http://www.securityfocus.com/archive/1/archive/1/462007/100/0/threaded   |   MANDRIVA:MDKSA-2006:167   |   URL:http://www.mandriva.com/security/advisories?name=MDKSA-2006:167   |   OPENPKG:OpenPKG-SA-2006.020   |   URL:http://www.openpkg.org/security/advisories/OpenPKG-SA-2006.020-gzip.html   |   REDHAT:RHSA-2006:0667   |   URL:http://www.redhat.com/support/errata/RHSA-2006-0667.html   |   SGI:20061001-01-P   |   URL:ftp://patches.sgi.com/support/free/security/advisories/20061001-01-P.asc   |   SLACKWARE:SSA:2006-262   |   URL:http://slackware.com/security/viewer.php?l=slackware-security&y=2006&m=slackware-security.555852   |   SUNALERT:102766   |   URL:http://sunsolve.sun.com/search/document.do?assetkey=1-26-102766-1   |   SUSE:SUSE-SA:2006:056   |   URL:http://www.novell.com/linux/security/advisories/2006_56_gzip.html   |   TRUSTIX:2006-0052   |   URL:http://www.trustix.org/errata/2006/0052/   |   UBUNTU:USN-349-1   |   URL:http://www.ubuntu.com/usn/usn-349-1   |   CERT:TA06-333A   |   URL:http://www.us-cert.gov/cas/techalerts/TA06-333A.html   |   BID:20101   |   URL:http://www.securityfocus.com/bid/20101   |   OVAL:oval:org.mitre.oval:def:11212   |   URL:http://oval.mitre.org/repository/data/getDef?id=oval:org.mitre.oval:def:11212   |   VUPEN:ADV-2006-3695   |   URL:http://www.vupen.com/english/advisories/2006/3695   |   VUPEN:ADV-2006-4275   |   URL:http://www.vupen.com/english/advisories/2006/4275   |   VUPEN:ADV-2006-4750   |   URL:http://www.vupen.com/english/advisories/2006/4750   |   VUPEN:ADV-2006-4760   |   URL:http://www.vupen.com/english/advisories/2006/4760   |   VUPEN:ADV-2007-0092   |   URL:http://www.vupen.com/english/advisories/2007/0092   |   VUPEN:ADV-2007-0832   |   URL:http://www.vupen.com/english/advisories/2007/0832   |   VUPEN:ADV-2007-1171   |   URL:http://www.vupen.com/english/advisories/2007/1171   |   SECTRACK:1016883   |   URL:http://securitytracker.com/id?1016883   |   SECUNIA:22002   |   URL:http://secunia.com/advisories/22002   |   SECUNIA:22009   |   URL:http://secunia.com/advisories/22009   |   SECUNIA:22017   |   URL:http://secunia.com/advisories/22017   |   SECUNIA:22033   |   URL:http://secunia.com/advisories/22033   |   SECUNIA:22034   |   URL:http://secunia.com/advisories/22034   |   SECUNIA:22012   |   URL:http://secunia.com/advisories/22012   |   SECUNIA:22043   |   URL:http://secunia.com/advisories/22043   |   SECUNIA:22085   |   URL:http://secunia.com/advisories/22085   |   SECUNIA:22101   |   URL:http://secunia.com/advisories/22101   |   SECUNIA:22027   |   URL:http://secunia.com/advisories/22027   |   SECUNIA:22435   |   URL:http://secunia.com/advisories/22435   |   SECUNIA:22661   |   URL:http://secunia.com/advisories/22661   |   SECUNIA:22487   |   URL:http://secunia.com/advisories/22487   |   SECUNIA:23153   |   URL:http://secunia.com/advisories/23153   |   SECUNIA:23155   |   URL:http://secunia.com/advisories/23155   |   SECUNIA:23156   |   URL:http://secunia.com/advisories/23156   |   SECUNIA:21996   |   URL:http://secunia.com/advisories/21996   |   SECUNIA:23679   |   URL:http://secunia.com/advisories/23679   |   SECUNIA:24435   |   URL:http://secunia.com/advisories/24435   |   SECUNIA:24636   |   URL:http://secunia.com/advisories/24636,Assigned (20060824),None (candidate not yet proposed),
24,unlzh.c in the LHZ component in gzip 1.3.5 allows context-dependent attackers to cause a denial of service (infinite loop) via a crafted GZIP archive.,BUGTRAQ:20060919 rPSA-2006-0170-1 gzip   |   URL:http://www.securityfocus.com/archive/1/archive/1/446426/100/0/threaded   |   BUGTRAQ:20070330 VMSA-2007-0002 VMware ESX security updates   |   URL:http://www.securityfocus.com/archive/1/archive/1/464268/100/0/threaded   |   MISC:http://bugzilla.redhat.com/bugzilla/show_bug.cgi?id=204676   |   CONFIRM:http://support.avaya.com/elmodocs2/security/ASA-2006-218.htm   |   CONFIRM:http://docs.info.apple.com/article.html?artnum=304829   |   CONFIRM:https://issues.rpath.com/browse/RPL-615   |   CONFIRM:http://www.vmware.com/support/esx25/doc/esx-254-200702-patch.html   |   APPLE:APPLE-SA-2006-11-28   |   URL:http://lists.apple.com/archives/security-announce/2006/Nov/msg00001.html   |   DEBIAN:DSA-1181   |   URL:http://www.us.debian.org/security/2006/dsa-1181   |   FEDORA:FLSA:211760   |   URL:http://www.securityfocus.com/archive/1/archive/1/451324/100/0/threaded   |   FREEBSD:FreeBSD-SA-06:21   |   URL:http://security.freebsd.org/advisories/FreeBSD-SA-06:21.gzip.asc   |   GENTOO:GLSA-200609-13   |   URL:http://security.gentoo.org/glsa/glsa-200609-13.xml   |   GENTOO:GLSA-200611-24   |   URL:http://www.gentoo.org/security/en/glsa/glsa-200611-24.xml   |   HP:HPSBTU02168   |   URL:http://www.securityfocus.com/archive/1/archive/1/450078/100/0/threaded   |   HP:SSRT061237   |   URL:http://www.securityfocus.com/archive/1/archive/1/450078/100/0/threaded   |   HP:HPSBUX02195   |   URL:http://www.securityfocus.com/archive/1/archive/1/462007/100/0/threaded   |   MANDRIVA:MDKSA-2006:167   |   URL:http://www.mandriva.com/security/advisories?name=MDKSA-2006:167   |   OPENPKG:OpenPKG-SA-2006.020   |   URL:http://www.openpkg.org/security/advisories/OpenPKG-SA-2006.020-gzip.html   |   REDHAT:RHSA-2006:0667   |   URL:http://www.redhat.com/support/errata/RHSA-2006-0667.html   |   SGI:20061001-01-P   |   URL:ftp://patches.sgi.com/support/free/security/advisories/20061001-01-P.asc   |   SLACKWARE:SSA:2006-262   |   URL:http://slackware.com/security/viewer.php?l=slackware-security&y=2006&m=slackware-security.555852   |   SUNALERT:102766   |   URL:http://sunsolve.sun.com/search/document.do?assetkey=1-26-102766-1   |   SUSE:SUSE-SA:2006:056   |   URL:http://www.novell.com/linux/security/advisories/2006_56_gzip.html   |   TRUSTIX:2006-0052   |   URL:http://www.trustix.org/errata/2006/0052/   |   UBUNTU:USN-349-1   |   URL:http://www.ubuntu.com/usn/usn-349-1   |   CERT:TA06-333A   |   URL:http://www.us-cert.gov/cas/techalerts/TA06-333A.html   |   BID:20101   |   URL:http://www.securityfocus.com/bid/20101   |   OVAL:oval:org.mitre.oval:def:11290   |   URL:http://oval.mitre.org/repository/data/getDef?id=oval:org.mitre.oval:def:11290   |   VUPEN:ADV-2006-3695   |   URL:http://www.vupen.com/english/advisories/2006/3695   |   VUPEN:ADV-2006-4275   |   URL:http://www.vupen.com/english/advisories/2006/4275   |   VUPEN:ADV-2006-4750   |   URL:http://www.vupen.com/english/advisories/2006/4750   |   VUPEN:ADV-2006-4760   |   URL:http://www.vupen.com/english/advisories/2006/4760   |   VUPEN:ADV-2007-0092   |   URL:http://www.vupen.com/english/advisories/2007/0092   |   VUPEN:ADV-2007-0832   |   URL:http://www.vupen.com/english/advisories/2007/0832   |   VUPEN:ADV-2007-1171   |   URL:http://www.vupen.com/english/advisories/2007/1171   |   OSVDB:29008   |   URL:http://www.osvdb.org/29008   |   SECTRACK:1016883   |   URL:http://securitytracker.com/id?1016883   |   SECUNIA:22002   |   URL:http://secunia.com/advisories/22002   |   SECUNIA:22009   |   URL:http://secunia.com/advisories/22009   |   SECUNIA:22017   |   URL:http://secunia.com/advisories/22017   |   SECUNIA:22033   |   URL:http://secunia.com/advisories/22033   |   SECUNIA:22034   |   URL:http://secunia.com/advisories/22034   |   SECUNIA:22012   |   URL:http://secunia.com/advisories/22012   |   SECUNIA:22043   |   URL:http://secunia.com/advisories/22043   |   SECUNIA:22085   |   URL:http://secunia.com/advisories/22085   |   SECUNIA:22101   |   URL:http://secunia.com/advisories/22101   |   SECUNIA:22027   |   URL:http://secunia.com/advisories/22027   |   SECUNIA:22435   |   URL:http://secunia.com/advisories/22435   |   SECUNIA:22661   |   URL:http://secunia.com/advisories/22661   |   SECUNIA:22487   |   URL:http://secunia.com/advisories/22487   |   SECUNIA:23153   |   URL:http://secunia.com/advisories/23153   |   SECUNIA:23155   |   URL:http://secunia.com/advisories/23155   |   SECUNIA:23156   |   URL:http://secunia.com/advisories/23156   |   SECUNIA:21996   |   URL:http://secunia.com/advisories/21996   |   SECUNIA:23679   |   URL:http://secunia.com/advisories/23679   |   SECUNIA:24435   |   URL:http://secunia.com/advisories/24435   |   SECUNIA:24636   |   URL:http://secunia.com/advisories/24636   |   XF:gzip-lhz-dos(29046)   |   URL:https://exchange.xforce.ibmcloud.com/vulnerabilities/29046,Assigned (20060824),None (candidate not yet proposed),
25,"Untrusted search path vulnerability in OpenBase SQL 10.0 and earlier, as used in Apple Xcode 2.2 2.2 and earlier and possibly other products, allows local users to execute arbitrary code via a modified PATH that references a malicious gzip program, which is executed by gnutar with certain TAR_OPTIONS environment variable settings, when gnutar is invoked by OpenBase.",MISC:http://www.digitalmunition.com/DMA[2006-1016a].txt   |   MISC:http://www.digitalmunition.com/Xcode_OpenBase_pwn.pl   |   APPLE:APPLE-SA-2007-10-30   |   URL:http://lists.apple.com/archives/security-announce/2007/Oct/msg00001.html   |   BID:20562   |   URL:http://www.securityfocus.com/bid/20562   |   VUPEN:ADV-2006-4058   |   URL:http://www.vupen.com/english/advisories/2006/4058   |   VUPEN:ADV-2006-4059   |   URL:http://www.vupen.com/english/advisories/2006/4059   |   VUPEN:ADV-2007-3665   |   URL:http://www.vupen.com/english/advisories/2007/3665   |   SECTRACK:1018872   |   URL:http://www.securitytracker.com/id?1018872   |   SECUNIA:22390   |   URL:http://secunia.com/advisories/22390   |   SECUNIA:22474   |   URL:http://secunia.com/advisories/22474   |   SECUNIA:27441   |   URL:http://secunia.com/advisories/27441   |   XF:openbase-sql-privilege-escalation(29624)   |   URL:https://exchange.xforce.ibmcloud.com/vulnerabilities/29624,Assigned (20061017),None (candidate not yet proposed),
26,"Lhaz 1.33 allows remote attackers to execute arbitrary code via unknown vectors, as actively exploited in August 2007 by the Exploit-LHAZ.a gzip file, a different issue than CVE-2006-4116.",MISC:http://vil.mcafeesecurity.com/vil/content/v_142976.htm   |   MISC:http://www.avertlabs.com/research/blog/index.php/2007/08/17/targeted-zero-day-attack-against-free-tools-lhaz/   |   BID:25351   |   URL:http://www.securityfocus.com/bid/25351   |   VUPEN:ADV-2007-2930   |   URL:http://www.vupen.com/english/advisories/2007/2930   |   OSVDB:39629   |   URL:http://osvdb.org/39629   |   SECUNIA:26532   |   URL:http://secunia.com/advisories/26532   |   XF:lhaz-zip-code-execution(36120)   |   URL:https://exchange.xforce.ibmcloud.com/vulnerabilities/36120,Assigned (20070820),None (candidate not yet proposed),
27,"Multiple unspecified vulnerabilities in (1) unlzh.c and (2) unpack.c in the gzip libraries in Microsoft Windows Server 2008, Windows Services for UNIX 3.0 and 3.5, and the Subsystem for UNIX-based Applications (SUA); as used in gunzip, gzip, pack, pcat, and unpack 7.x before 7.0.1701.48, 8.x before 8.0.1969.62, and 9.x before 9.0.3790.2076; allow remote attackers to execute arbitrary code via unknown vectors.",MSKB:953602   |   URL:http://support.microsoft.com/kb/953602   |   BID:34258   |   URL:http://www.securityfocus.com/bid/34258   |   SECTRACK:1021937   |   URL:http://securitytracker.com/id?1021937   |   SECUNIA:34428   |   URL:http://secunia.com/advisories/34428   |   VUPEN:ADV-2009-0849   |   URL:http://www.vupen.com/english/advisories/2009/0849   |   XF:win-unlzh-unpack-code-execution(49435)   |   URL:https://exchange.xforce.ibmcloud.com/vulnerabilities/49435,Assigned (20090401),None (candidate not yet proposed),
28,"The huft_build function in inflate.c in gzip before 1.3.13 creates a hufts (aka huffman) table that is too small, which allows remote attackers to cause a denial of service (application crash or infinite loop) or possibly execute arbitrary code via a crafted archive.  NOTE: this issue is caused by a CVE-2006-4334 regression.",MLIST:[bug-gzip] 20091002 gzip-1.3.13 released [major]   |   URL:http://article.gmane.org/gmane.comp.gnu.gzip.bugs/258   |   CONFIRM:http://bugs.debian.org/cgi-bin/bugreport.cgi?bug=507263   |   CONFIRM:http://git.savannah.gnu.org/cgit/gzip.git/commit/?id=39a362ae9d9b007473381dba5032f4dfc1744cf2   |   CONFIRM:https://bugzilla.redhat.com/show_bug.cgi?id=514711   |   CONFIRM:http://support.apple.com/kb/HT4435   |   APPLE:APPLE-SA-2010-11-10-1   |   URL:http://lists.apple.com/archives/security-announce/2010//Nov/msg00000.html   |   DEBIAN:DSA-1974   |   URL:http://www.debian.org/security/2010/dsa-1974   |   MANDRIVA:MDVSA-2010:020   |   URL:http://www.mandriva.com/security/advisories?name=MDVSA-2010:020   |   SUSE:SUSE-SA:2010:008   |   URL:http://lists.opensuse.org/opensuse-security-announce/2010-01/msg00009.html   |   UBUNTU:USN-889-1   |   URL:http://www.ubuntu.com/usn/USN-889-1   |   SECUNIA:38132   |   URL:http://secunia.com/advisories/38132   |   SECUNIA:38223   |   URL:http://secunia.com/advisories/38223   |   SECUNIA:38232   |   URL:http://secunia.com/advisories/38232   |   VUPEN:ADV-2010-0185   |   URL:http://www.vupen.com/english/advisories/2010/0185,Assigned (20090728),None (candidate not yet proposed),
29,"Integer underflow in the unlzw function in unlzw.c in gzip before 1.4 on 64-bit platforms, as used in ncompress and probably others, allows remote attackers to cause a denial of service (application crash) or possibly execute arbitrary code via a crafted archive that uses LZW compression, leading to an array index error.",CONFIRM:http://git.savannah.gnu.org/cgit/gzip.git/commit/?id=a3db5806d012082b9e25cc36d09f19cd736a468f   |   CONFIRM:http://savannah.gnu.org/forum/forum.php?forum_id=6153   |   CONFIRM:https://bugzilla.redhat.com/show_bug.cgi?id=554418   |   CONFIRM:http://ncompress.sourceforge.net/#status   |   CONFIRM:http://support.apple.com/kb/HT4435   |   CONFIRM:http://kb.juniper.net/InfoCenter/index?page=content&id=JSA10705   |   APPLE:APPLE-SA-2010-11-10-1   |   URL:http://lists.apple.com/archives/security-announce/2010//Nov/msg00000.html   |   DEBIAN:DSA-1974   |   URL:http://www.debian.org/security/2010/dsa-1974   |   DEBIAN:DSA-2074   |   URL:http://www.debian.org/security/2010/dsa-2074   |   HP:HPSBMA02554   |   URL:http://itrc.hp.com/service/cki/docDisplay.do?docId=emr_na-c02286083   |   HP:SSRT100018   |   URL:http://itrc.hp.com/service/cki/docDisplay.do?docId=emr_na-c02286083   |   MANDRIVA:MDVSA-2010:019   |   URL:http://www.mandriva.com/security/advisories?name=MDVSA-2010:019   |   MANDRIVA:MDVSA-2010:020   |   URL:http://www.mandriva.com/security/advisories?name=MDVSA-2010:020   |   MANDRIVA:MDVSA-2011:152   |   URL:http://www.mandriva.com/security/advisories?name=MDVSA-2011:152   |   REDHAT:RHSA-2010:0061   |   URL:http://www.redhat.com/support/errata/RHSA-2010-0061.html   |   REDHAT:RHSA-2010:0095   |   URL:https://rhn.redhat.com/errata/RHSA-2010-0095.html   |   SUSE:SUSE-SA:2010:008   |   URL:http://lists.opensuse.org/opensuse-security-announce/2010-01/msg00009.html   |   UBUNTU:USN-889-1   |   URL:http://www.ubuntu.com/usn/USN-889-1   |   OSVDB:61869   |   URL:http://www.osvdb.org/61869   |   OVAL:oval:org.mitre.oval:def:10546   |   URL:http://oval.mitre.org/repository/data/getDef?id=oval:org.mitre.oval:def:10546   |   OVAL:oval:org.mitre.oval:def:7511   |   URL:http://oval.mitre.org/repository/data/getDef?id=oval:org.mitre.oval:def:7511   |   SECTRACK:1023490   |   URL:http://securitytracker.com/id?1023490   |   SECUNIA:38220   |   URL:http://secunia.com/advisories/38220   |   SECUNIA:38223   |   URL:http://secunia.com/advisories/38223   |   SECUNIA:38225   |   URL:http://secunia.com/advisories/38225   |   SECUNIA:38232   |   URL:http://secunia.com/advisories/38232   |   SECUNIA:40551   |   URL:http://secunia.com/advisories/40551   |   SECUNIA:40655   |   URL:http://secunia.com/advisories/40655   |   SECUNIA:40689   |   URL:http://secunia.com/advisories/40689   |   VUPEN:ADV-2010-0185   |   URL:http://www.vupen.com/english/advisories/2010/0185   |   VUPEN:ADV-2010-1796   |   URL:http://www.vupen.com/english/advisories/2010/1796   |   VUPEN:ADV-2010-1872   |   URL:http://www.vupen.com/english/advisories/2010/1872,Assigned (20091214),None (candidate not yet proposed),
30,"F-Secure Internet Security 2010 and earlier; Anti-Virus for Microsoft Exchange 9 and earlier, and for MIMEsweeper 5.61 and earlier; Internet Gatekeeper for Windows 6.61 and earlier, and for Linux 4.02 and earlier; Anti-Virus 2010 and earlier; Home Server Security 2009; Protection Service for Consumers 9 and earlier, for Business - Workstation security 9 and earlier, for Business - Server Security 8 and earlier, and for E-mail and Server security 9 and earlier; Mac Protection build 8060 and earlier; Client Security 9 and earlier; and various Anti-Virus products for Windows, Linux, and Citrix; does not properly detect malware in crafted (1) 7Z, (2) GZIP, (3) CAB, or (4) RAR archives, which makes it easier for remote attackers to avoid detection.",CONFIRM:http://www.f-secure.com/en_EMEA/support/security-advisory/fsc-2010-1.html   |   SECTRACK:1023841   |   URL:http://www.securitytracker.com/id?1023841   |   SECTRACK:1023842   |   URL:http://www.securitytracker.com/id?1023842   |   SECTRACK:1023843   |   URL:http://www.securitytracker.com/id?1023843   |   SECUNIA:39396   |   URL:http://secunia.com/advisories/39396   |   VUPEN:ADV-2010-0855   |   URL:http://www.vupen.com/english/advisories/2010/0855,Assigned (20100415),None (candidate not yet proposed),
31,The HTTP Channel in IBM WebSphere Application Server (WAS) 7.0 before 7.0.0.11 allows remote attackers to cause a denial of service (NullPointerException) via a large amount of chunked data that uses gzip compression.,AIXAPAR:PM08894   |   URL:http://www-01.ibm.com/support/docview.wss?uid=swg1PM08894   |   AIXAPAR:PM15829   |   URL:http://www-01.ibm.com/support/docview.wss?uid=swg1PM15829,Assigned (20100618),None (candidate not yet proposed),
32,"PHPDevShell 3.0.0-Beta-4b allows remote attackers to obtain sensitive information via a direct request to a .php file, which reveals the installation path in an error message, as demonstrated by gzip.php.",MLIST:[oss-security] 20110627 Re: CVE request: Joomla unspecified information disclosure vulnerability   |   URL:http://www.openwall.com/lists/oss-security/2011/06/27/6   |   MISC:http://code.google.com/p/inspathx/source/browse/trunk/paths_vuln/%21_README   |   MISC:http://code.google.com/p/inspathx/source/browse/trunk/paths_vuln/PHPDevShell-V3.0.0-Beta-4b   |   XF:phpdevshell-gzip-path-disclosure(70599)   |   URL:https://exchange.xforce.ibmcloud.com/vulnerabilities/70599,Assigned (20110923),None (candidate not yet proposed),
33,"The Gzip file parser in Antiy Labs AVL SDK 2.0.3.7, Quick Heal (aka Cat QuickHeal) 11.00, Command Antivirus 5.2.11.5, eSafe 7.0.17.0, F-Prot Antivirus 4.6.2.117, Jiangmin Antivirus 13.0.900, K7 AntiVirus 9.77.3565, and VBA32 3.12.14.2 allows remote attackers to bypass malware detection via a .tar.gz file with stray bytes at the end. NOTE: this may later be SPLIT into multiple CVEs if additional information is published showing that the error occurred independently in different Gzip parser implementations.",BUGTRAQ:20120319 Evasion attacks expoliting file-parsing vulnerabilities in antivirus products   |   URL:http://www.securityfocus.com/archive/1/522005   |   MISC:http://www.ieee-security.org/TC/SP2012/program.html   |   BID:52629   |   URL:http://www.securityfocus.com/bid/52629   |   XF:multiple-av-tar-gzip-evasion(74308)   |   URL:https://exchange.xforce.ibmcloud.com/vulnerabilities/74308,Assigned (20120229),None (candidate not yet proposed),
34,"The Gzip file parser in AVG Anti-Virus 10.0.0.1190, Bitdefender 7.2, Command Antivirus 5.2.11.5, Emsisoft Anti-Malware 5.1.0.1, F-Secure Anti-Virus 9.0.16160.0, Fortinet Antivirus 4.2.254.0, Ikarus Virus Utilities T3 Command Line Scanner 1.1.97.0, Jiangmin Antivirus 13.0.900, K7 AntiVirus 9.77.3565, Kaspersky Anti-Virus 7.0.0.125, McAfee Anti-Virus Scanning Engine 5.400.0.1158, McAfee Gateway (formerly Webwasher) 2010.1C, NOD32 Antivirus 5795, Norman Antivirus 6.06.12, Rising Antivirus 22.83.00.03, Sophos Anti-Virus 4.61.0, AVEngine 20101.3.0.103 in Symantec Endpoint Protection 11, Trend Micro AntiVirus 9.120.0.1004, Trend Micro HouseCall 9.120.0.1004, and VBA32 3.12.14.2 allows remote attackers to bypass malware detection via a .tar.gz file with multiple compressed streams.  NOTE: this may later be SPLIT into multiple CVEs if additional information is published showing that the error occurred independently in different Gzip parser implementations.",BUGTRAQ:20120319 Evasion attacks expoliting file-parsing vulnerabilities in antivirus products   |   URL:http://www.securityfocus.com/archive/1/522005   |   MISC:http://www.ieee-security.org/TC/SP2012/program.html   |   BID:52626   |   URL:http://www.securityfocus.com/bid/52626   |   OSVDB:80500   |   URL:http://osvdb.org/80500   |   OSVDB:80501   |   URL:http://osvdb.org/80501   |   OSVDB:80502   |   URL:http://osvdb.org/80502   |   OSVDB:80503   |   URL:http://osvdb.org/80503   |   OSVDB:80504   |   URL:http://osvdb.org/80504   |   OSVDB:80505   |   URL:http://osvdb.org/80505   |   OSVDB:80506   |   URL:http://osvdb.org/80506   |   OSVDB:80510   |   URL:http://osvdb.org/80510,Assigned (20120229),None (candidate not yet proposed),
35,"Multiple cross-site request forgery (CSRF) vulnerabilities in file/show.cgi in Webmin 1.590 and earlier allow remote attackers to hijack the authentication of privileged users for requests that (1) read files or execute (2) tar, (3) zip, or (4) gzip commands, a different issue than CVE-2012-2982.",MISC:http://americaninfosec.com/research/index.html   |   MISC:http://www.americaninfosec.com/research/dossiers/AISG-12-001.pdf   |   CERT-VN:VU#788478   |   URL:http://www.kb.cert.org/vuls/id/788478,Assigned (20120911),None (candidate not yet proposed),
36,"Unspecified vulnerability in Oracle Sun Solaris 10 and 11.2 allows local users to affect confidentiality, integrity, and availability via unknown vectors related to Gzip.",CONFIRM:http://www.oracle.com/technetwork/topics/security/cpuoct2015-2367953.html   |   SECTRACK:1033881   |   URL:http://www.securitytracker.com/id/1033881,Assigned (20150320),None (candidate not yet proposed),
37,The construct function in puff.cpp in Libtorrent 1.1.0 allows remote torrent trackers to cause a denial of service (segmentation fault and crash) via a crafted GZIP response.,MLIST:[oss-security] 20160908 CVE Request : Libtorrent 1.1.0 inflate_gzip denial of service   |   URL:http://www.openwall.com/lists/oss-security/2016/09/08/1   |   MLIST:[oss-security] 20160908 Re: CVE Request : Libtorrent 1.1.0 inflate_gzip denial of service   |   URL:http://www.openwall.com/lists/oss-security/2016/09/08/7   |   CONFIRM:https://github.com/arvidn/libtorrent/issues/1021   |   CONFIRM:https://github.com/arvidn/libtorrent/pull/1022   |   BID:92891   |   URL:http://www.securityfocus.com/bid/92891,Assigned (20160908),None (candidate not yet proposed),
38,"libarchive before 3.2.0 does not limit the number of recursive decompressions, which allows remote attackers to cause a denial of service (memory consumption and application crash) via a crafted gzip file.",MLIST:[oss-security] 20160908 CVE request: libarchive (pre 3.2.0) denial of service with gzip quine   |   URL:http://www.openwall.com/lists/oss-security/2016/09/08/15   |   MLIST:[oss-security] 20160908 Re: CVE request: libarchive (pre 3.2.0) denial of service with gzip quine   |   URL:http://www.openwall.com/lists/oss-security/2016/09/08/18   |   CONFIRM:https://bugs.freebsd.org/bugzilla/show_bug.cgi?id=207362   |   CONFIRM:https://bugzilla.redhat.com/show_bug.cgi?id=1347086   |   CONFIRM:https://github.com/libarchive/libarchive/commit/6e06b1c89dd0d16f74894eac4cfc1327a06ee4a0   |   CONFIRM:https://github.com/libarchive/libarchive/issues/660   |   CONFIRM:http://www.oracle.com/technetwork/topics/security/linuxbulletinjul2016-3090544.html   |   GENTOO:GLSA-201701-03   |   URL:https://security.gentoo.org/glsa/201701-03   |   REDHAT:RHSA-2016:1844   |   URL:http://rhn.redhat.com/errata/RHSA-2016-1844.html   |   REDHAT:RHSA-2016:1850   |   URL:http://rhn.redhat.com/errata/RHSA-2016-1850.html   |   BID:92901   |   URL:http://www.securityfocus.com/bid/92901,Assigned (20160908),None (candidate not yet proposed),
39,"Bug: OPTIONs are the same as for 'grep'. case $option in (-[drRzZ] | --di* | --exc* | --inc* | --rec* | --nu*) printf >&2 '%s: %s: option not supported\n' "$0" "$option" exit 2; Both the man page and the help for zgrep say it supports all options that grep does, but it does not support recursion which would be very helpful.","http://lists.gnu.org/archive/html/bug-gzip/2016-12/msg00000.html"
40,"Bad value of size with --list. The size of the file restored by the option "--list" is incorrect if the file is more big than 4GB. ","http://lists.gnu.org/archive/html/bug-gzip/2016-09/msg00000.html"